actual,pred,error
262.14,285.10178,22.96177612304689
252.99,272.66086,19.670858154296866
247.07,227.99379,19.07621032714843
274.2,256.2043,17.995684814453114
284.98,267.0249,17.955097656250018
252.54,234.8077,17.73230651855468
297.54,280.1543,17.38570312500002
302.73,285.62085,17.109150390625018
248.14,231.10207,17.037933959960924
227.98,245.00618,17.026179809570323
284.43,267.66187,16.768134765625007
253.82,237.32632,16.493675537109368
264.1,248.023,16.077005004882835
210.28,226.33537,16.055372924804686
250.19,234.2727,15.917294921874998
237.31,253.18282,15.87281555175781
216.96,201.10542,15.854577026367195
221.76,205.91837,15.841634521484366
275.05,259.2489,15.801098632812511
250.48,234.7071,15.772892456054677
244.54,228.88655,15.65344909667968
254.54,239.04332,15.496680297851555
282.46,267.18686,15.273140869140605
230.77,245.95169,15.181690673828115
278.82,263.85794,14.962059326171868
214.27,199.31058,14.959422607421885
222.4,207.46439,14.93561401367188
268.71,253.8227,14.88730712890623
235.6,250.482,14.881994628906256
227.57,242.43483,14.86482971191407
293.59,278.72626,14.863742675781225
215.32,200.50871,14.811287231445306
219.24,204.54317,14.696832885742197
255.86,241.24213,14.617873535156264
290.97,276.48648,14.483519287109402
340.73,326.41275,14.317249755859393
261.64,275.9445,14.304488525390639
241.74,227.50603,14.233972778320322
264.94,250.73323,14.206769409179685
271.33,257.13492,14.195081787109359
224.42,238.5946,14.174604492187513
254.01,239.88446,14.125539550781241
237.62,251.71396,14.09395874023437
244.72,258.78427,14.064271240234376
246.9,232.97948,13.920523071289068
203.71,217.53944,13.829443969726555
277.7,263.89032,13.809680175781239
219.42,205.61647,13.803529663085925
252.58,238.78972,13.790281372070325
249.36,235.57872,13.781279907226576
289.0,275.32907,13.670928955078125
229.48,215.88962,13.590382080078115
255.34,241.75208,13.587924804687503
209.32,222.83192,13.51192443847657
242.64,229.16554,13.474457397460924
261.65,248.18037,13.469625854492165
301.23,287.8042,13.425800781250018
276.68,263.30423,13.375770263671882
216.65,203.3162,13.33380737304688
209.02,195.7396,13.280406494140635
282.87,269.59824,13.27176391601563
233.88,247.08292,13.20291625976563
239.03,225.8718,13.158204345703126
256.09,243.06737,13.022632446289037
261.06,248.10275,12.957247314453127
202.0,214.93213,12.93212890625
263.43,250.54305,12.886954956054694
314.55,301.66977,12.880230712890636
271.6,258.75558,12.844415283203148
243.73,230.90485,12.82515380859374
208.81,196.15002,12.659975585937502
297.03,284.4111,12.618897705078098
251.39,238.88284,12.507156982421861
267.05,254.56717,12.482830810546886
282.44,269.9609,12.479093017578123
210.21,222.66197,12.45197204589843
267.97,255.53027,12.439726562500027
270.66,258.24554,12.414455566406275
266.27,253.88666,12.383342285156232
221.63,209.25806,12.371943359374995
304.45,292.1316,12.318408203124989
232.11,219.90929,12.200713500976576
229.74,217.64267,12.097330322265634
297.34,285.27365,12.0663488769531
278.85,266.8432,12.006799316406273
248.67,236.70114,11.968858642578112
269.78,257.83527,11.944733886718723
257.96,246.0378,11.922203979492167
204.97,216.8514,11.881394653320314
207.4,195.53133,11.868673706054693
245.01,233.15887,11.851125488281241
210.06,221.88988,11.829877319335935
240.41,252.18796,11.777957763671878
293.91,282.16916,11.74084106445315
239.36,227.63269,11.727309570312514
255.06,266.7515,11.691495361328123
272.08,260.38895,11.691053466796859
235.52,223.88564,11.634364624023448
291.02,279.40082,11.619182128906232
243.52,255.11842,11.598423461914052
263.07,251.4875,11.58249694824218
243.32,254.86911,11.549110107421882
201.9,213.39847,11.49846801757812
206.27,194.78038,11.489619750976573
263.96,252.47833,11.48166748046873
269.49,258.06317,11.426828613281259
230.15,218.72826,11.421743774414068
272.22,260.8029,11.417113037109402
223.61,235.01181,11.401810302734361
248.77,237.37228,11.397716064453135
276.27,264.90485,11.365153808593732
242.43,253.77715,11.34714538574218
262.06,250.74112,11.318880615234377
246.6,235.37074,11.229257202148432
220.86,232.07716,11.217163696289049
234.0,245.18802,11.188018798828125
254.1,242.97276,11.127236938476557
212.51,223.62651,11.116510620117197
239.52,228.49701,11.02299072265626
244.58,255.57928,10.999284667968737
212.15,201.16576,10.984243774414068
208.1,219.06772,10.96771850585938
226.56,237.43088,10.870877685546873
252.38,241.51616,10.863840942382808
245.87,256.72308,10.853083496093745
249.06,238.2167,10.843294677734377
219.02,208.18904,10.830958862304698
217.46,206.74948,10.710518798828133
259.23,248.549,10.68100402832033
237.83,227.15028,10.67971618652345
218.36,229.03766,10.677658691406236
264.85,254.20634,10.643655395507835
222.79,212.19731,10.592688598632805
266.89,256.30157,10.588425292968736
196.05,206.60542,10.555422973632801
237.58,247.99022,10.410219116210925
231.81,242.2074,10.397397460937498
268.85,258.47617,10.373834228515648
238.08,227.71355,10.366453247070325
195.4,205.73509,10.335092163085932
222.93,233.24768,10.317680664062493
234.17,223.87952,10.290483398437487
212.29,202.06407,10.225928344726555
249.8,239.57936,10.220639038085949
270.59,260.42953,10.1604650878906
240.2,250.32918,10.129177856445324
204.57,214.69843,10.128425292968757
232.67,242.77026,10.100263671875013
189.34,199.42526,10.085262451171872
249.33,239.25897,10.071027832031263
233.14,223.07246,10.067536010742174
208.42,198.3701,10.04989807128905
306.89,296.8431,10.046890869140611
219.28,229.32478,10.044783325195311
238.18,228.16891,10.011085205078132
277.47,267.4601,10.009886474609402
222.35,212.34282,10.007180786132807
316.95,306.96216,9.987841796874989
252.22,242.23438,9.985624999999999
300.56,290.60904,9.950960693359377
215.92,225.86583,9.94582946777345
228.1,218.1954,9.90459594726562
264.84,254.93716,9.90283569335935
245.64,255.5349,9.894896850585951
245.82,235.92511,9.894890136718743
231.27,241.16122,9.891224365234365
257.09,247.22278,9.867221679687475
260.94,251.09749,9.842511596679685
237.49,227.64874,9.841257324218759
264.27,254.45683,9.813167114257794
258.56,248.74911,9.810885009765627
255.63,245.82541,9.80459106445312
219.57,209.77184,9.798164672851556
280.44,290.19998,9.759981689453127
234.08,224.32526,9.754743652343763
278.54,288.25626,9.716256103515605
264.11,254.40092,9.709075317382826
217.15,207.49338,9.65662231445313
270.59,280.24576,9.65575805664065
206.09,215.6648,9.574794921874997
230.38,220.83107,9.548930053710933
206.78,216.31337,9.533369750976561
242.47,232.97272,9.497282714843749
328.26,318.78903,9.470968017578116
269.61,260.15677,9.453231201171889
242.3,251.7371,9.437106323242176
259.71,250.28304,9.426964721679667
224.54,233.96544,9.425438842773445
249.24,239.82089,9.419107666015634
208.32,198.92079,9.39920837402343
251.76,242.37288,9.387120971679678
275.56,266.2159,9.344088134765627
240.36,231.05025,9.309752807617201
207.63,198.32182,9.308176879882808
274.83,265.52313,9.306867675781234
209.3,218.60023,9.300234985351551
237.94,247.23796,9.29796081542969
218.43,227.71864,9.288643188476556
225.24,234.50069,9.260686645507803
287.29,278.0469,9.243094482421895
232.53,223.37216,9.157838134765626
231.77,240.91258,9.142582397460927
242.19,233.06084,9.12916320800781
236.45,227.34596,9.104037475585926
276.72,267.63104,9.088957519531277
215.05,224.13153,9.081530761718739
267.41,258.36032,9.04967895507815
234.25,225.21014,9.03985595703125
210.8,219.79019,8.990191650390614
208.62,217.59639,8.976389770507808
236.47,227.52232,8.947676391601561
235.4,226.45839,8.941610717773443
296.52,287.5859,8.934093017578107
265.09,256.17615,8.913852539062475
235.3,244.21257,8.912570190429676
267.41,258.53403,8.87597290039065
260.86,251.9979,8.862105712890639
269.08,260.21988,8.860120849609359
199.92,208.77032,8.850324707031263
268.34,259.50024,8.839755859374975
245.07,236.25879,8.811210937499993
274.55,283.34625,8.796252441406239
206.98,215.76178,8.78177978515626
230.2,238.97592,8.775921630859386
241.62,250.39325,8.773249511718745
297.83,289.0587,8.771314697265609
234.4,243.13943,8.73943481445312
222.82,214.08228,8.737724609374993
257.95,266.66733,8.717327880859386
233.21,224.53261,8.677391967773445
235.35,226.6738,8.67620239257812
259.95,251.2809,8.669100952148426
199.52,208.18645,8.666447143554677
243.86,235.21722,8.642775878906264
250.58,241.95432,8.625684814453138
217.4,208.77818,8.621817016601568
236.55,227.93387,8.616131591796886
222.82,214.21478,8.605217285156243
265.91,257.32254,8.5874597167969
242.16,233.59912,8.560878906249997
222.68,214.1231,8.55690734863282
225.51,234.06218,8.552179565429697
239.33,247.85179,8.521791381835925
230.67,239.18857,8.518568115234388
253.05,244.53215,8.517849731445324
248.75,240.23628,8.513717651367188
236.79,228.30287,8.48712829589843
211.56,203.0797,8.480303344726565
231.93,223.46527,8.464729003906257
256.11,247.64848,8.461516723632826
259.87,251.41576,8.454243774414067
264.25,255.7992,8.4508056640625
233.04,241.48578,8.445778808593758
242.06,233.62424,8.435762939453127
264.76,256.33447,8.425527343749991
212.35,203.92906,8.420938110351557
233.02,241.42914,8.40913818359374
262.7,254.29146,8.408541870117176
209.91,201.50562,8.404384765624997
242.72,234.33171,8.388289184570311
245.19,236.82861,8.361386718749998
225.72,234.0454,8.325394897460939
241.25,249.5703,8.320297241210938
212.19,203.87106,8.318936767578123
250.48,242.16307,8.316929321289052
206.72,215.03416,8.314164428710939
232.36,224.05803,8.301970825195326
243.39,251.67345,8.283446655273451
235.08,243.35396,8.2739581298828
268.0,259.79764,8.202362060546875
212.6,204.42586,8.174142456054682
219.48,211.32137,8.158634643554677
214.61,206.45406,8.155944213867201
216.68,208.56805,8.111945800781257
222.92,214.81038,8.109620971679675
244.97,253.0715,8.101502685546876
214.15,206.0642,8.085806274414068
279.98,271.90942,8.070576171875018
292.79,284.72418,8.06581787109377
242.72,234.6642,8.055800170898436
216.47,224.5184,8.048402099609376
227.24,219.19359,8.046411743164072
228.1,220.05618,8.04381713867187
235.28,243.31668,8.036680908203124
260.95,252.93243,8.017565917968739
210.86,218.8582,7.998200073242174
249.89,257.85507,7.965072021484389
238.32,246.28197,7.961967163085944
214.78,222.71214,7.932142944335936
260.68,252.76532,7.914680175781257
251.36,243.45052,7.909484252929701
236.15,244.02475,7.874749755859369
298.47,290.60294,7.867064208984402
226.69,218.83008,7.859921874999998
234.67,242.52759,7.8575878906250125
249.97,242.118,7.852003784179686
261.57,253.73581,7.834190673828118
235.54,227.71545,7.824545898437492
220.43,212.61592,7.814078979492194
229.57,237.36807,7.798072509765632
210.87,218.62813,7.758128051757808
266.99,259.2493,7.740701904296884
212.65,204.92918,7.720816040039068
274.7,266.9994,7.700610351562489
258.72,251.02797,7.692030639648465
286.8,279.10886,7.691143798828136
207.55,215.22075,7.670748901367176
228.47,220.80171,7.668287963867186
222.99,230.64531,7.655309448242178
253.09,260.74326,7.653255615234372
288.56,280.92697,7.633028564453127
259.76,252.13051,7.629491577148428
237.25,229.62495,7.6250457763671875
196.12,203.73929,7.6192883300781205
246.6,238.98344,7.616555786132807
292.54,284.938,7.6020117187500205
301.64,294.0384,7.601608886718736
295.22,287.6346,7.585386962890652
238.23,245.81339,7.583385009765635
241.32,233.74222,7.577781982421868
244.04,251.61252,7.572518310546883
276.04,283.59525,7.5552453613281045
232.67,225.11905,7.5509509277343625
219.09,226.63419,7.544185791015622
275.22,267.67825,7.541746826171902
281.35,273.82315,7.526849365234398
257.49,249.96739,7.522608032226572
245.29,237.80864,7.4813604736328045
221.29,228.75388,7.463875732421883
215.2,207.7452,7.454806518554676
236.66,229.21748,7.442516479492184
218.85,211.40941,7.440591430664057
258.29,250.85487,7.435126342773458
227.25,219.86139,7.38861083984375
220.98,228.3652,7.385203857421885
245.43,238.05496,7.375037841796882
227.81,235.12485,7.314847412109373
257.48,250.16957,7.310429077148456
226.31,219.00677,7.303225097656252
231.28,238.5702,7.290205688476561
208.07,215.34665,7.276649169921882
239.01,246.28217,7.272165527343759
233.29,226.02841,7.261588134765617
266.78,274.02652,7.246519775390652
221.45,228.68214,7.232144165039074
233.05,225.82593,7.224072265625011
292.35,285.14154,7.208459472656273
253.16,260.36374,7.203739013671878
204.34,211.51346,7.173458251953122
242.76,235.60446,7.155538330078116
245.48,238.37386,7.106144409179677
261.71,254.60391,7.1060876464843545
263.94,256.84122,7.098782958984373
270.71,277.79877,7.0887670898437705
295.57,288.4837,7.086296386718743
244.55,251.62917,7.079165649414051
240.79,247.86642,7.076424560546883
248.48,241.40678,7.073215942382802
223.6,216.52863,7.071374511718744
225.06,217.99516,7.064837036132815
284.59,291.65335,7.06335083007815
250.72,243.66664,7.053358764648436
250.31,243.25804,7.051958618164065
238.78,245.83177,7.051771850585936
234.74,241.775,7.034993896484366
249.86,242.83719,7.022811279296889
237.53,230.52551,7.004487304687501
247.97,254.97227,7.002274780273439
238.53,231.53204,6.997956542968751
263.85,256.854,6.995996093750023
296.0,289.03452,6.965484619140625
291.24,284.27597,6.964029541015634
243.82,236.8565,6.963493652343743
237.56,230.64494,6.915056762695315
236.6,243.49974,6.899740600585943
243.41,236.5127,6.897304687499997
254.93,261.8236,6.893608398437493
238.22,231.34094,6.879057617187499
214.76,221.61067,6.850671997070322
234.73,227.8886,6.841404418945302
242.55,235.7121,6.837902832031261
258.04,264.8739,6.8339013671874795
264.15,257.31766,6.832342529296852
264.4,271.23068,6.830682373046898
261.9,255.08127,6.818731689453102
277.67,284.44595,6.775953369140609
239.92,233.15257,6.76742736816405
251.9,258.66656,6.766564941406244
235.34,242.10472,6.764721069335934
253.34,260.10007,6.760067138671872
206.18,199.42455,6.755454711914069
237.64,230.88492,6.755081787109361
257.72,264.4426,6.722596435546848
261.22,254.51472,6.705275268554715
265.45,258.75006,6.699938964843739
239.08,232.38881,6.69119079589845
276.88,283.5667,6.6867114257812545
261.37,254.69275,6.6772509765625045
243.15,249.82635,6.676354980468744
230.69,224.02122,6.66877502441406
220.99,214.32747,6.662531127929697
220.48,213.82654,6.65346191406249
237.12,230.4801,6.6398974609375045
237.2,230.56464,6.635363769531239
234.12,240.7463,6.6263073730468705
285.13,291.75232,6.6223193359375045
266.23,259.61182,6.618183593750018
239.92,246.51451,6.59451110839845
260.65,254.06876,6.581243896484352
231.95,225.38417,6.565829467773426
293.71,287.14627,6.5637292480468545
227.84,234.3939,6.553905639648434
265.05,258.50787,6.542126464843761
230.95,224.40955,6.540454101562489
203.62,210.13956,6.5195568847656205
249.85,256.3652,6.515203857421881
226.7,220.1864,6.513598632812489
244.5,237.99219,6.5078125
223.03,216.52501,6.504990844726564
223.17,229.66489,6.4948864746093875
243.16,249.64905,6.489047851562503
227.77,221.29175,6.47825195312501
204.32,210.79716,6.477164916992194
232.74,226.294,6.445993652343759
242.77,236.32533,6.444667358398448
253.39,259.81766,6.427657470703139
242.19,248.6098,6.419802246093752
268.4,274.8184,6.418389892578148
239.82,246.22433,6.404334716796882
261.93,255.52776,6.402244262695319
280.39,273.9968,6.393204345703111
253.94,247.54811,6.391889038085935
247.34,240.95331,6.386691894531253
224.73,218.3491,6.380894165039052
235.69,242.06584,6.37584167480469
245.46,239.08827,6.3717279052734455
242.39,236.03168,6.358322753906236
228.11,234.45685,6.346848144531236
277.54,283.88513,6.3451318359374795
215.3,208.96248,6.337521362304699
223.74,230.07106,6.331060180664053
282.56,288.8771,6.317105712890623
245.52,239.21631,6.30369140625001
247.34,253.63327,6.293270263671872
239.31,233.02234,6.287661132812502
202.01,208.29565,6.285654296875009
254.83,248.56964,6.2603588867187625
262.46,256.1997,6.2602929687499795
255.18,248.93188,6.248115234375007
249.11,242.87032,6.239684448242201
235.1,241.33537,6.235372924804693
225.71,231.94008,6.2300787353515545
212.63,218.85759,6.227589721679692
239.24,245.46538,6.225377807617178
233.38,227.16925,6.2107495117187455
210.7,216.90448,6.204479980468761
285.89,279.68753,6.202469482421861
287.89,294.09003,6.200026855468764
245.28,239.08102,6.198975830078126
248.27,254.45798,6.187977294921865
253.1,246.92905,6.170953369140619
263.57,257.40262,6.167381591796868
234.99,228.8241,6.165903320312509
266.03,259.8883,6.141694335937473
221.51,227.62178,6.111780395507822
274.42,268.3248,6.095201416015641
241.18,247.26224,6.082237548828118
284.57,278.48868,6.081322021484368
226.15,232.22202,6.072015380859369
220.51,226.57744,6.067438354492197
327.46,321.39896,6.0610437011718545
256.24,250.18448,6.055521240234384
216.43,210.39883,6.031165771484382
277.15,271.14435,6.005651855468727
200.31,206.31319,6.00318664550781
285.62,279.6172,6.0028125000000045
211.34,205.3412,5.998798217773441
267.3,273.2773,5.977313232421864
270.65,264.6868,5.963201904296852
247.94,241.98465,5.955350341796873
263.16,269.10312,5.94311889648435
215.6,209.65875,5.941247558593744
283.61,277.6708,5.939193115234389
234.49,228.55165,5.938348999023447
226.27,220.33997,5.93003417968751
225.41,231.33557,5.925571289062503
198.05,203.97449,5.924487304687489
251.27,257.19125,5.921253662109365
223.54,229.44545,5.9054498291015705
238.31,232.40715,5.902849731445315
234.0,239.87883,5.8788299560546875
202.46,208.33086,5.8708563232421795
212.89,207.02148,5.868515624999986
212.99,207.12375,5.866251220703134
222.19,228.05545,5.865450439453127
218.08,212.21931,5.8606854248047
230.5,224.63942,5.8605804443359375
208.63,202.7731,5.8568981933593705
210.74,204.89104,5.848963012695322
239.43,233.58813,5.841865234375007
216.08,210.2386,5.8413983154297
282.99,277.1506,5.839395751953134
251.41,245.57906,5.830944213867184
223.92,229.74948,5.8294812011718875
217.19,223.00648,5.816484985351565
231.66,225.85275,5.807247314453122
259.46,253.6585,5.801506958007792
214.83,220.5912,5.76120178222655
208.59,214.34807,5.758068237304684
259.38,253.62286,5.7571362304687455
294.89,289.14285,5.747147216796861
220.6,214.85341,5.746591186523432
278.38,272.63626,5.7437390136718705
215.36,209.61714,5.742858276367201
272.42,266.68655,5.733446044921891
211.09,205.3571,5.732898559570316
293.0,287.27127,5.728729248046875
209.77,204.04318,5.726817626953135
241.28,246.99715,5.717146606445311
261.03,255.32475,5.705247192382785
247.05,241.34796,5.702038574218761
197.68,203.367,5.687004394531243
213.33,207.64503,5.68496520996095
250.52,244.83533,5.68467285156251
222.29,227.96596,5.6759576416015705
261.78,267.4523,5.672301025390652
272.4,266.73724,5.662756347656227
231.66,237.30957,5.649570312500003
231.41,225.76451,5.645488891601559
232.68,227.03592,5.644080810546882
224.35,218.73976,5.610238647460932
229.29,234.89897,5.6089715576171955
224.49,218.8832,5.606806030273447
260.35,254.74973,5.600274658203148
277.6,283.1971,5.597113037109352
262.47,256.9139,5.556090087890652
234.91,240.45827,5.548267211914066
250.15,244.60265,5.547354125976568
221.69,216.14426,5.545743408203123
230.88,225.34142,5.538584594726558
251.4,245.86638,5.533621215820318
226.69,221.17435,5.515653076171873
235.5,230.04498,5.45501708984375
262.03,256.58435,5.445649414062473
236.55,241.99466,5.444659423828114
210.4,215.81233,5.412332153320307
257.83,252.42245,5.407545166015609
204.47,199.06676,5.403242797851561
245.35,239.97412,5.375878906249994
228.8,223.43715,5.362850952148449
204.2,209.55734,5.357342529296886
243.05,248.4062,5.356204223632801
226.63,221.27757,5.352427368164058
241.24,246.5721,5.332097778320303
235.65,240.97885,5.328851318359369
230.19,224.86746,5.322537841796873
236.66,241.9819,5.321903076171878
227.95,222.63582,5.314181518554676
261.41,256.10312,5.30688110351565
201.97,196.66434,5.305662841796874
234.6,229.29608,5.303918457031244
239.44,234.15933,5.280667724609373
229.05,234.32376,5.273760986328114
258.2,252.97739,5.222613525390614
251.85,246.64111,5.208886718749994
239.45,234.24376,5.206240844726551
217.86,212.66748,5.192519531250014
246.98,252.16519,5.185191650390635
255.6,250.42378,5.176217651367182
245.07,239.90044,5.169563598632806
234.61,229.4452,5.164794311523451
272.75,267.58963,5.160369873046875
209.7,214.85643,5.156430053710949
264.43,259.27786,5.152137451171882
234.12,228.96825,5.151753540039067
246.58,241.42883,5.1511669921875125
212.76,207.6174,5.142598876953116
283.5,278.36667,5.133331298828125
252.01,246.87755,5.132451782226553
210.93,216.04541,5.115410156249993
217.03,222.1402,5.110197753906249
230.72,225.61041,5.109587402343749
226.04,231.14633,5.106331787109383
206.14,211.24568,5.105681762695326
293.1,287.9973,5.102685546875023
231.17,226.07533,5.094667358398425
282.36,287.45242,5.092423095703111
257.13,252.03983,5.0901745605468705
224.61,229.69789,5.087891235351549
264.09,259.0033,5.086704101562475
240.15,245.22032,5.070321655273432
215.79,220.86021,5.0702142333984455
212.0,206.94002,5.0599822998046875
274.78,279.83334,5.053343505859402
223.46,218.41316,5.0468377685546955
218.27,223.30078,5.03078124999999
220.87,225.8952,5.0252026367187455
290.88,285.8804,4.9995983886718705
257.87,252.87045,4.9995471191406295
205.99,210.98407,4.994069824218741
233.01,238.00084,4.990839233398447
260.14,265.12842,4.988417968750014
223.02,218.03636,4.983638305664073
221.55,216.57607,4.973934936523449
209.19,214.1589,4.968905029296877
211.65,216.61496,4.964959716796869
287.82,292.77066,4.950660400390632
245.87,240.92679,4.9432116699218795
215.33,220.27211,4.94210998535155
300.08,295.14127,4.938734130859359
247.16,252.0979,4.937900390625003
215.06,219.99582,4.935819091796873
249.15,254.07472,4.924722290039057
206.13,211.0508,4.920796508789067
208.84,213.75528,4.915279541015622
248.8,253.70522,4.905215454101551
217.21,222.10713,4.8971319580078045
243.66,238.76471,4.895290527343747
239.42,234.53665,4.8833483886718625
252.17,247.28896,4.881044311523425
239.87,244.74826,4.8782604980468705
262.34,257.46628,4.8737219238281
275.58,280.44678,4.866777343750016
263.31,258.4447,4.865297851562502
236.09,231.22678,4.863223876953128
280.14,275.2857,4.854294433593736
277.19,282.03552,4.845522460937502
234.47,229.63046,4.839537353515624
266.59,271.41656,4.826564941406275
271.18,266.3547,4.825294189453132
233.14,237.96315,4.823150024414076
226.11,230.93196,4.821961059570299
219.26,224.07947,4.819467773437509
260.74,255.92401,4.815988769531259
226.72,221.92705,4.792952270507811
279.06,274.2884,4.771608886718752
251.13,246.36302,4.766978149414058
269.24,264.4793,4.760690917968759
236.31,231.55237,4.757631835937502
219.03,223.7758,4.745802612304686
230.26,225.5235,4.736501464843741
261.19,256.45972,4.730283203124998
246.03,241.3007,4.729295043945314
220.88,225.60207,4.722066040039067
243.52,238.80415,4.715846557617198
250.24,245.5277,4.712305297851572
226.56,221.85173,4.708269653320315
238.39,233.69246,4.697540893554674
229.36,224.66292,4.697081909179701
228.02,232.70412,4.684116821289052
246.38,241.69844,4.681559448242183
213.04,208.36324,4.6767645263671795
211.33,206.6691,4.6609020996093875
252.55,247.90071,4.649288940429699
216.87,221.51796,4.647959594726558
281.94,286.58475,4.644747314453127
220.57,215.92787,4.642128295898431
234.76,239.39742,4.637415161132822
274.55,279.181,4.630999755859364
249.3,253.91101,4.611010742187489
246.59,241.99345,4.596546020507816
245.13,240.56459,4.565409545898433
231.27,226.70538,4.56461669921876
230.11,225.55501,4.554992065429701
231.17,235.71445,4.5444470214843875
217.36,212.82408,4.535918579101576
220.42,224.94702,4.5270214843750125
224.58,220.08797,4.4920330810547
206.35,201.8662,4.483804321289057
267.87,263.40503,4.4649707031250045
223.08,218.62657,4.453428344726575
231.91,227.4569,4.453106079101559
239.49,243.941,4.450994262695303
253.59,258.01328,4.423275146484372
242.73,247.15105,4.421046752929698
234.16,238.57555,4.415546264648441
240.87,236.46158,4.4084216308593795
323.64,319.24908,4.390915527343736
217.39,221.75784,4.367843017578139
251.31,246.96223,4.34776550292969
220.77,216.42307,4.346934814453135
221.37,217.04185,4.328145141601567
237.13,232.8103,4.3196972656249955
230.64,226.32329,4.316712036132799
226.62,222.33044,4.2895556640625045
251.42,247.1356,4.28439514160155
248.39,244.10759,4.282410278320299
237.94,242.21184,4.27183776855469
226.61,222.34074,4.269255981445326
224.71,228.97894,4.268942871093742
223.35,219.0961,4.253900146484369
259.15,254.90134,4.248663330078102
280.31,276.07535,4.234652099609377
266.99,271.21472,4.224721679687491
233.58,237.80144,4.221437377929675
233.76,229.54984,4.210164794921866
244.66,248.85997,4.199970092773441
230.97,235.16211,4.192109375000001
250.52,246.32823,4.191768188476573
250.03,245.84001,4.189988403320314
250.2,246.01859,4.181414794921864
252.77,248.58931,4.180690307617198
247.05,251.21115,4.161151123046864
260.08,255.93674,4.143262939453109
260.81,256.68027,4.129732666015627
270.34,274.46335,4.1233483886719
235.04,239.14798,4.107979736328133
242.25,246.3558,4.105804443359375
216.54,212.44547,4.094534912109367
286.48,290.56073,4.080729980468732
216.57,212.5068,4.063194580078118
242.79,246.84674,4.056740722656258
240.72,236.67773,4.042265624999999
224.73,220.69762,4.032383422851552
232.64,228.61435,4.025650634765611
258.44,262.44424,4.004244384765627
207.03,211.0338,4.003798217773436
246.16,242.16498,3.9950219726562466
250.47,254.45747,3.9874737548828136
243.93,239.94373,3.986274414062507
210.11,214.09198,3.9819799804687364
250.04,254.00122,3.961220703125008
213.42,209.4758,3.9442004394531125
274.76,278.70087,3.940866699218759
227.54,223.61316,3.926840820312492
251.19,247.2651,3.9248937988281227
221.18,217.25517,3.9248272705078193
214.68,218.59373,3.9137347412109307
279.97,276.05835,3.9116503906250273
227.69,231.59096,3.9009576416015648
215.73,219.62839,3.8983874511718852
215.11,211.21791,3.892089233398451
287.0,283.1278,3.8721923828125
229.51,225.63791,3.872091064453116
267.64,263.77548,3.8645178222656114
241.96,245.81505,3.8550482177734295
252.54,256.3927,3.852700195312508
215.99,219.84007,3.8500726318359284
223.12,219.28914,3.830861206054692
237.44,233.61848,3.8215155029296852
209.8,213.61996,3.8199645996093636
243.96,240.1418,3.8182000732421955
206.49,202.67291,3.817087402343759
246.3,242.48488,3.815121459960949
202.54,198.72829,3.8117132568359295
268.68,264.8739,3.806098632812507
236.47,232.673,3.796995849609374
222.18,218.38696,3.793037109375007
200.39,204.17761,3.7876123046875136
263.81,260.0302,3.7797875976562523
241.49,245.26624,3.776235351562491
290.57,294.34302,3.773017578125007
211.87,215.63988,3.769877319335933
312.31,308.54138,3.7686181640625023
209.11,205.35225,3.757750854492201
206.53,202.77513,3.7548687744140636
273.79,270.0366,3.7534094238281455
246.86,243.11458,3.745421752929701
278.54,282.2811,3.7410974121093545
261.46,257.72302,3.7369775390624795
215.81,219.54094,3.7309393310546852
242.75,239.0257,3.72430419921875
219.19,215.48785,3.7021459960937477
257.87,254.18617,3.683827514648442
238.77,235.09221,3.6777911376953227
280.57,276.90262,3.667381591796868
230.04,226.37814,3.661856689453117
231.87,228.21611,3.653889770507817
230.64,234.29105,3.6510461425781386
230.45,234.09851,3.6485107421875114
229.09,225.45587,3.6341284179687534
242.49,246.09752,3.6075189208984284
247.04,243.43497,3.605032958984367
215.9,219.50206,3.602059936523432
257.67,254.08495,3.5850543212890784
236.7,233.1154,3.584597778320301
226.08,222.49678,3.5832196044922
252.04,248.46022,3.5797796630859295
258.88,255.30905,3.5709484863281205
249.19,245.6292,3.5608038330078102
272.93,276.49014,3.560142822265618
213.51,217.06947,3.5594732666015716
247.97,251.52515,3.555146484375001
236.6,240.1457,3.545706176757818
214.24,217.78455,3.544545898437491
280.35,283.88254,3.5325378417968523
241.69,245.2139,3.5238977050781273
211.66,208.13837,3.5216333007812466
201.88,198.37032,3.509684448242183
257.34,253.84929,3.4907110595702875
258.33,254.8438,3.4862042236327966
234.81,238.29533,3.4853338623046852
249.98,246.49522,3.4847760009765523
251.64,248.16162,3.4783789062499864
294.28,290.81848,3.4615185546874727
205.47,202.0234,3.446593017578124
232.67,229.22923,3.44076721191405
257.47,260.91077,3.4407666015624727
222.59,219.16356,3.426441040039066
226.78,230.20335,3.4233538818359364
215.53,212.11356,3.416444091796876
228.09,224.6801,3.409900512695316
262.06,265.4691,3.4090856933593727
279.11,282.5177,3.4077001953124864
236.16,232.75388,3.4061242675781216
257.11,253.71524,3.3947595214843886
208.7,205.32018,3.379824829101551
233.23,229.85562,3.3743786621093648
232.39,229.025,3.3650061035156114
244.99,241.62778,3.362222900390634
224.23,227.58589,3.3558917236328227
258.31,261.6572,3.3471960449218727
242.03,238.68538,3.3446209716796886
236.64,239.97829,3.338286743164076
249.18,252.5118,3.3317950439453057
214.33,217.65977,3.329774780273425
213.2,216.52118,3.3211791992187614
227.19,223.89317,3.2968267822265602
261.44,258.14496,3.2950415039062477
216.22,212.92854,3.2914569091796864
289.25,285.96027,3.28973388671875
239.03,242.31413,3.2841326904296864
287.02,283.74084,3.279155273437482
231.78,235.0585,3.278502197265624
250.35,253.61671,3.266714477539068
228.76,232.01878,3.2587835693359466
204.65,201.39154,3.2584594726562557
281.02,277.77744,3.242564697265607
235.23,238.45566,3.2256579589843852
201.53,204.75372,3.223723144531249
205.1,201.8917,3.2083068847656193
266.53,269.73703,3.2070300292969023
253.47,250.26402,3.2059771728515614
201.82,198.61662,3.2033770751953057
207.78,210.97987,3.1998736572265614
292.55,289.35437,3.1956298828125114
201.96,198.76495,3.195046386718758
276.75,279.94104,3.1910400390625
261.54,264.72003,3.1800317382812295
234.65,231.47917,3.170828247070318
232.24,229.07184,3.168161621093759
241.56,244.72412,3.1641210937499977
225.71,222.54768,3.1623162841796955
279.26,282.40674,3.146738281250009
254.61,251.46765,3.1423486328125136
204.31,207.45122,3.1412176513671852
249.51,246.37761,3.1323907470703034
216.0,212.87465,3.1253509521484375
279.46,276.34982,3.1101770019531045
242.42,245.52827,3.108274536132825
230.49,233.58015,3.0901544189453034
241.43,244.51411,3.0841143798828057
274.24,271.15817,3.081827392578134
233.97,230.8884,3.081602783203124
249.4,246.33145,3.0685485839843807
253.37,250.30513,3.064869995117192
218.37,221.43471,3.064707641601558
218.01,221.07285,3.062845458984384
223.12,220.0615,3.0585070800781295
270.43,267.37738,3.052619628906257
236.56,233.51288,3.0471215820312523
219.59,216.55092,3.039081420898441
215.2,218.2363,3.0362976074218864
271.35,274.3857,3.0357116699218523
237.62,234.58458,3.035420532226567
206.85,203.81915,3.0308471679687443
244.66,241.63103,3.028972778320309
266.02,262.9935,3.026500244140607
251.09,254.11646,3.0264550781249966
236.92,233.89754,3.022462768554675
257.15,254.1349,3.0150970458984148
254.96,251.94608,3.013924560546883
234.92,237.9288,3.0088024902343875
247.21,244.21729,2.992714843750008
242.33,245.32018,2.990175170898425
236.33,233.35199,2.9780102539062625
222.2,219.2242,2.975802612304676
222.27,219.30772,2.9622760009765727
210.21,207.25415,2.955849609375008
261.08,258.1268,2.953199462890609
226.09,223.13966,2.950336303710941
217.66,214.71745,2.942546997070309
229.05,231.98743,2.9374267578124886
240.92,238.00937,2.9106311035156125
215.6,218.50912,2.9091247558593807
216.87,213.96223,2.907765502929692
227.84,230.74184,2.901836547851559
226.52,229.41689,2.8968853759765523
222.82,219.92467,2.8953326416015557
266.45,263.56003,2.8899719238281136
210.05,207.1699,2.880093383789074
254.4,257.2782,2.8781982421874943
255.22,252.34906,2.870939941406249
260.09,257.22015,2.869846191406225
242.59,239.72896,2.861041870117191
245.33,242.47263,2.8573742675781375
218.35,221.19716,2.847158813476568
205.71,208.55688,2.846884765624992
218.34,215.52182,2.8181799316406284
252.27,249.46616,2.8038439941406352
240.93,243.7314,2.8013995361328057
201.57,204.36688,2.796882324218757
248.49,245.6986,2.7914068603515716
258.63,261.41614,2.7861376953125045
230.92,228.1339,2.78610412597655
241.97,239.18433,2.785673828124999
204.71,207.49045,2.780447998046867
237.31,234.53505,2.7749505615234398
204.91,207.68445,2.7744482421875034
258.48,255.7061,2.7738995361328307
242.54,239.77136,2.768637695312492
213.71,216.47679,2.7667913818359295
227.74,230.4987,2.7587030029296784
245.55,248.30414,2.7541381835937386
244.31,247.04828,2.7382788085937477
230.67,233.40538,2.73538024902345
294.88,292.14612,2.7338818359374955
230.13,227.39651,2.7334851074218705
255.01,257.74057,2.730570068359384
220.26,222.9836,2.7235968017578216
249.18,246.45721,2.722785644531257
235.9,238.619,2.719003295898432
226.58,223.87299,2.7070141601562625
258.05,255.34639,2.703610229492199
312.65,309.9646,2.6854003906249773
206.65,209.32584,2.6758361816406193
239.79,237.11707,2.672934570312492
272.35,269.6802,2.6697937011718977
246.5,243.83354,2.6664581298828125
230.11,227.45488,2.655120239257826
257.89,260.53967,2.6496728515625136
220.5,223.14749,2.647491455078125
232.32,229.67426,2.645744628906243
238.76,241.40099,2.6409857177734466
220.99,218.35439,2.6356146240234466
254.94,257.57446,2.6344628906250023
242.77,240.13983,2.6301684570312602
235.35,232.72856,2.621438598632807
262.32,259.69928,2.620720214843743
228.25,225.63202,2.61798095703125
252.39,249.77402,2.6159826660156114
235.83,233.22238,2.6076184082031375
260.84,263.44238,2.602382812500025
247.05,244.44768,2.602322387695324
202.64,200.03937,2.6006323242187364
228.83,231.4303,2.6002978515624875
241.03,243.61417,2.584166259765624
224.62,222.04825,2.5717517089843795
260.22,257.6527,2.5672900390625273
222.37,224.9354,2.5653942871093705
276.19,273.6252,2.5647863769531227
238.28,235.71817,2.561829833984376
276.28,278.82886,2.5488574218750273
235.53,233.0088,2.5211956787109386
216.5,219.0136,2.5135955810546875
251.68,249.17224,2.507758789062507
214.8,217.30753,2.5075256347656136
238.26,240.76666,2.506662597656259
222.29,219.7866,2.5033941650390545
246.71,244.22496,2.4850396728515705
297.29,294.80954,2.4804602050781455
208.71,211.18977,2.4797735595703045
241.2,243.67642,2.4764221191406364
227.98,230.44666,2.4666552734375102
259.9,257.43408,2.4659179687499773
234.43,231.96587,2.4641339111328193
229.21,226.74709,2.4629144287109455
263.68,261.2204,2.459602050781257
251.81,254.26007,2.4500708007812477
239.03,241.47397,2.443968505859374
229.87,227.44011,2.429890747070317
300.58,298.15247,2.427534179687484
260.89,263.31668,2.4266809082031386
202.97,205.38907,2.419068603515626
217.98,220.39258,2.4125781250000102
266.93,264.51755,2.412452392578132
203.4,200.99817,2.4018310546875057
256.7,254.31049,2.3895141601562386
268.04,265.65466,2.3853369140625205
254.46,256.8372,2.377188720703117
212.23,214.60388,2.3738818359375102
220.09,222.4548,2.3648034667968716
204.84,207.20317,2.363170776367184
246.67,249.02983,2.3598309326172
264.69,262.33734,2.3526586914062477
222.08,219.73279,2.3472119140625125
199.19,201.52937,2.3393731689453148
236.56,234.23312,2.3268762207031273
258.41,256.084,2.3259851074219
228.37,226.07535,2.2946520996093795
236.04,233.74626,2.2937384033203045
260.5,258.20786,2.292144775390625
230.7,228.40825,2.291751098632801
229.52,231.80801,2.2880139160156148
292.1,294.38528,2.2852844238281023
266.58,268.86176,2.281755371093766
231.06,228.78165,2.2783532714843773
241.52,239.24498,2.2750201416015727
246.78,244.51308,2.2669232177734386
221.28,219.01363,2.2663739013671886
211.19,213.43916,2.2491632080078148
247.14,249.38184,2.2418359375000136
217.11,214.86877,2.2412255859375136
232.21,229.97198,2.238015136718758
271.42,269.18948,2.230516357421891
294.76,292.5312,2.228811035156241
260.48,258.25174,2.228260498046893
248.26,250.483,2.223001708984384
251.87,254.09271,2.2227124023437455
241.47,239.26341,2.2065875244140614
269.16,266.9549,2.205104980468775
214.31,216.51,2.1999945068359352
203.14,205.33759,2.1975854492187636
244.36,246.55461,2.194611206054674
245.54,243.35458,2.185416259765617
238.0,235.81941,2.1805877685546875
287.71,289.8893,2.1793127441406455
206.04,208.21602,2.1760186767578205
208.19,206.03395,2.1560491943359352
215.94,218.09244,2.1524377441406273
229.54,227.39485,2.1451483154296795
291.06,288.92255,2.1374536132812523
244.89,247.02415,2.134154663085951
235.95,238.07832,2.128323364257824
286.81,284.69495,2.1150537109375023
246.24,248.3483,2.108297119140616
224.87,226.97778,2.1077832031249955
208.86,210.96457,2.1045690917968614
259.94,262.0404,2.1004052734375023
252.48,250.399,2.0809979248046773
221.19,219.11266,2.0773443603515602
293.09,295.1669,2.07690063476565
251.03,253.0929,2.062895507812499
239.52,241.56499,2.0449871826171773
261.25,259.21124,2.03875732421875
237.27,239.30806,2.0380596923828023
227.43,229.45778,2.0277789306640557
266.12,264.09647,2.0235339355468795
225.8,223.77948,2.0205200195312614
257.82,255.8038,2.016197509765618
217.65,219.6624,2.012399291992182
243.27,241.27864,1.9913592529296977
204.48,202.49092,1.9890789794921773
251.75,249.76581,1.98419189453125
235.3,233.31989,1.9801147460937614
255.22,253.242,1.9779956054687489
253.23,251.2589,1.9711041259765523
198.79,200.75595,1.965950927734383
256.57,258.5284,1.9584118652343818
260.72,258.76794,1.9520556640625273
231.55,233.49358,1.9435760498046761
207.84,205.8994,1.940601196289066
228.22,226.29295,1.9270465087890614
216.1,218.02393,1.9239257812500057
279.49,281.41357,1.923574218749991
219.02,217.09767,1.9223284912109477
242.73,240.81097,1.9190258789062398
227.5,229.40376,1.9037628173828125
255.38,253.48477,1.8952282714843705
227.03,228.92477,1.8947741699218739
274.63,276.5227,1.8927050781250045
198.62,200.49425,1.874247436523433
232.37,230.50027,1.8697253417968795
259.3,257.4373,1.8627136230468864
253.17,255.03062,1.86062438964845
239.17,241.03001,1.86001403808595
251.27,253.12926,1.8592572021484273
227.94,226.09676,1.8432440185546852
226.28,228.11578,1.8357836914062489
297.72,295.89417,1.8258349609375273
250.51,248.69003,1.819967041015616
267.94,266.12048,1.8195166015624977
229.84,228.02301,1.8169897460937534
239.15,240.96136,1.8113647460937443
247.47,245.67017,1.7998339843749989
208.52,210.31805,1.7980541992187398
257.51,255.71489,1.7951104736328034
255.73,253.94118,1.7888226318359273
258.76,256.97278,1.787221679687491
226.85,228.63492,1.7849182128906307
263.55,261.7658,1.7841918945312614
215.73,213.94983,1.7801708984374898
213.87,212.09015,1.7798510742187545
272.79,271.0124,1.7776098632812705
247.7,245.92703,1.7729675292968636
237.83,239.6019,1.7718981933593625
271.99,270.21854,1.771463623046884
256.26,254.49254,1.7674615478515534
232.02,233.7815,1.7614941406249898
208.98,210.73813,1.7581286621093852
252.02,253.7696,1.7496075439453023
222.42,224.1614,1.7414074707031375
205.85,204.12256,1.7274414062499943
230.41,228.68457,1.7254296874999966
253.6,251.88586,1.7141357421874943
233.54,235.24507,1.7050714111328205
298.4,296.69635,1.7036499023437273
243.41,245.11104,1.701038208007816
234.86,233.16895,1.6910546875000136
216.14,214.45253,1.6874700927734239
281.56,279.87415,1.6858544921875023
274.52,276.20206,1.6820568847656432
245.11,243.43689,1.6731103515625136
225.72,224.07092,1.6490771484374989
235.58,233.94464,1.6353588867187625
206.53,204.89474,1.6352551269531261
237.51,235.8843,1.6257073974609284
260.55,258.92514,1.6248596191406364
245.25,243.62555,1.62445068359375
231.24,232.86247,1.6224725341796784
249.41,247.78816,1.621837768554684
276.09,274.47485,1.615146484374975
293.81,292.195,1.6149926757812523
242.83,241.22278,1.6072216796875125
207.15,208.7568,1.6068054199218693
246.08,244.4762,1.6038037109375125
292.98,291.37677,1.6032299804687682
245.02,246.6203,1.6003002929687398
232.08,233.67816,1.5981616210937375
218.86,217.26848,1.5915216064453261
235.24,236.81865,1.5786492919921784
258.6,257.02808,1.5719238281250227
257.18,255.60878,1.5712200927734443
238.09,239.64073,1.550731811523434
213.9,215.44829,1.5482879638671818
209.47,207.92616,1.5438372802734364
236.46,238.00117,1.5411749267578045
243.29,244.81975,1.5297479248046955
249.55,248.02637,1.5236328125000114
274.38,275.90192,1.5219165039062545
200.09,201.61029,1.5202905273437466
218.84,217.32076,1.519244995117191
240.17,241.68239,1.512388305664075
252.55,251.03856,1.5114410400390739
208.09,209.58466,1.4946557617187466
255.11,256.59482,1.4848181152343614
217.21,215.72559,1.484414062500008
275.49,274.01376,1.476236572265634
221.15,222.62581,1.4758087158203068
223.51,224.97516,1.465158691406259
255.62,254.1559,1.464100952148442
203.37,201.90836,1.4616442871093795
322.39,323.8514,1.4614099121093886
226.05,227.50558,1.4555847167968636
233.15,234.60413,1.4541259765624943
244.07,242.62003,1.4499743652343682
285.39,283.9433,1.4467016601562364
276.39,277.835,1.4449914550781386
232.6,234.04375,1.4437469482421932
266.14,267.58344,1.4434350585937636
238.04,239.48013,1.440133056640633
255.05,256.48096,1.4309570312499886
235.31,236.72916,1.4191564941406227
223.06,221.64856,1.4114404296875023
213.76,215.1701,1.410104980468759
281.41,282.81363,1.4036291503906
255.52,256.9106,1.3906140136718648
249.28,250.66933,1.3893267822265614
239.95,241.32784,1.3778350830078239
277.18,278.54733,1.3673327636718682
240.33,238.97643,1.353574829101575
222.02,220.66812,1.3518786621093852
241.2,242.55106,1.3510559082031364
218.72,217.37335,1.3466479492187489
250.86,252.19841,1.3384100341796739
260.62,259.29355,1.3264514160156295
212.26,210.94362,1.3163812255859284
229.34,228.03363,1.3063696289062534
259.05,257.74448,1.3055236816406364
282.54,281.23566,1.3043432617187705
243.32,242.0212,1.2988055419921807
254.63,253.33418,1.295817260742183
263.91,265.20386,1.293857421874975
236.81,235.51901,1.2909875488281273
259.03,257.74203,1.2879650878905977
242.96,244.24324,1.2832403564453045
243.95,242.67162,1.2783843994140511
260.39,261.65433,1.2643273925781386
235.96,234.69597,1.2640313720703205
285.54,286.79932,1.2593164062499795
253.17,251.9152,1.2547930908203
286.3,287.55365,1.2536499023437386
228.13,226.87854,1.2514599609374955
277.16,278.40915,1.24914916992185
249.8,248.5642,1.2358062744140739
249.34,250.57387,1.233867797851559
237.0,235.77304,1.226959228515625
275.32,276.54486,1.2248608398437568
257.29,256.07407,1.2159338378906455
257.96,256.753,1.2070092773437295
227.41,228.61691,1.2069128417968784
254.85,256.05518,1.2051757812500057
285.88,284.6765,1.2034863281249955
288.8,287.59808,1.2019165039062614
245.43,244.23103,1.1989666748046943
267.64,266.44125,1.1987463378906114
264.9,266.0975,1.1975036621093977
228.37,229.54948,1.179484252929683
214.94,216.11174,1.1717401123046898
295.21,294.04517,1.1648339843749795
277.62,276.4595,1.1604968261718795
251.25,250.08998,1.1600189208984375
221.62,222.77567,1.1556652832031205
235.84,236.99146,1.1514550781249966
242.08,243.22847,1.1484698486328
256.76,257.9063,1.146311035156259
258.81,257.66617,1.1438317871093773
242.35,243.4752,1.1252044677734432
260.97,259.8503,1.1196887207031523
230.19,231.30891,1.1189141845703148
227.28,226.16438,1.1156170654296886
236.59,235.47722,1.112781372070316
231.47,232.58018,1.1101849365234386
293.63,292.52444,1.1055554199218705
225.55,224.44452,1.1054809570312614
210.72,211.82326,1.1032574462890636
239.43,240.53319,1.1031878662109307
258.59,257.491,1.09900268554685
221.36,220.26471,1.0952905273437636
244.25,243.15944,1.0905609130859375
225.93,227.01347,1.0834735107421807
227.6,226.52068,1.0793243408203068
230.13,231.2021,1.072102661132817
294.06,292.99628,1.0637231445312523
250.03,251.09212,1.0621173095703114
256.7,255.64668,1.0533172607421761
247.82,246.77596,1.0440447998046807
246.3,245.25703,1.0429656982421989
228.55,227.51051,1.0394866943359489
254.33,253.29419,1.0358105468750125
290.81,289.78403,1.0259729003906273
234.22,233.19588,1.0241229248046864
219.45,218.4455,1.0045043945312386
256.27,255.26605,1.0039477539062318
249.72,250.72095,1.0009472656250011
223.02,224.0198,0.9998059082031148
248.42,249.41905,0.99905212402345
237.94,236.94151,0.9984869384765602
243.23,244.21866,0.9886584472656352
229.92,230.89983,0.9798260498047
217.12,218.09674,0.9767407226562455
287.69,286.71582,0.9741796874999977
237.26,238.22574,0.9657385253906341
241.78,242.73294,0.9529406738281239
247.59,248.54279,0.9527856445312466
227.59,226.63818,0.9518164062500034
208.81,207.85919,0.9508081054687523
231.48,230.53052,0.9494824218749898
278.15,279.0971,0.9471069335937727
272.69,273.63174,0.9417443847656273
254.87,255.79924,0.929240112304683
287.63,288.5578,0.9278002929687545
240.5,239.57559,0.924407958984375
227.11,226.19167,0.9183343505859511
265.59,266.50803,0.9180261230469
269.61,268.69318,0.9168237304687636
228.46,227.55128,0.9087152099609455
197.72,196.8127,0.9073016357421864
227.21,226.30283,0.907174072265633
229.64,228.73515,0.9048468017577989
257.05,256.1453,0.9047058105468864
233.05,233.95238,0.9023773193359261
251.06,250.1613,0.8986993408203148
218.58,217.68579,0.8942089843750125
201.89,202.77435,0.8843530273437636
231.75,232.61472,0.864715576171875
219.2,220.0605,0.8605010986328239
206.05,206.90944,0.8594390869140511
292.67,291.81204,0.8579577636718909
255.48,254.62524,0.8547558593749898
250.54,249.69058,0.849417724609367
234.19,233.34312,0.8468756103515602
285.07,284.2317,0.8383105468749932
223.36,224.18362,0.8236242675781114
212.58,211.763,0.8169995117187625
243.33,244.14685,0.8168505859374875
257.73,256.91345,0.8165478515625182
239.26,238.45459,0.8054101562499909
259.63,258.84372,0.7862805175781205
256.8,257.58606,0.7860595703124886
254.64,253.85736,0.7826391601562364
228.97,228.1928,0.7772052001953114
259.58,260.35034,0.7703417968750159
206.63,207.37907,0.749074096679692
203.57,204.31477,0.7447735595703193
225.53,226.2689,0.7389056396484364
278.46,277.72357,0.7364282226562295
267.35,266.61435,0.7356506347656477
219.93,220.6644,0.7343981933593682
249.73,250.46298,0.7329821777343852
282.51,281.7841,0.7259118652343659
239.35,238.6265,0.7235046386718693
254.23,254.9493,0.7192950439453227
201.44,202.14136,0.7013574218750023
222.14,221.44054,0.6994635009765489
234.3,233.60167,0.6983306884765739
234.79,235.4798,0.689797363281258
231.16,231.84969,0.6896856689453159
222.54,221.85536,0.6846380615234295
246.71,247.39195,0.6819525146484295
197.69,197.01207,0.6779302978515602
254.19,254.84296,0.6529565429687523
250.28,249.63258,0.6474163818359386
224.4,223.75455,0.6454528808593807
255.65,256.27954,0.6295410156249943
245.18,245.80193,0.6219256591796807
257.35,257.95776,0.6077636718749773
201.29,201.88861,0.598610839843758
244.85,245.44257,0.5925659179687557
224.44,225.02783,0.5878320312500023
259.12,258.53244,0.5875598144531295
215.94,215.37065,0.5693487548828102
246.32,246.8803,0.5602947998046943
206.79,207.3432,0.553200683593758
209.92,210.46626,0.546262817382825
214.33,214.86858,0.538576049804675
217.82,218.35709,0.5370861816406318
241.59,242.12643,0.5364343261718716
235.5,236.02847,0.528472900390625
207.78,207.2564,0.5236065673828136
216.4,215.88197,0.5180267333984432
217.72,217.21439,0.5056140136718739
211.1,211.58421,0.4842132568359432
245.17,244.69504,0.4749621582031125
210.2,210.66943,0.46943359375001137
231.54,231.07463,0.46536926269530454
258.86,258.3953,0.46470581054688864
232.71,233.17422,0.46422485351561704
283.12,283.58148,0.46148193359374545
247.88,247.42465,0.45534790039062045
226.7,226.25327,0.44673461914061363
223.44,223.88231,0.4423089599609398
208.24,207.80139,0.4386083984375091
253.25,253.68849,0.4384918212890625
256.09,256.52252,0.432521972656275
267.07,267.49884,0.4288403320312568
250.87,251.29797,0.42797363281249545
228.68,229.10364,0.4236376953124932
223.4,222.98024,0.4197601318359432
214.51,214.09071,0.4192864990234284
220.63,221.04863,0.41862976074219205
254.65,254.24472,0.4052795410156307
240.93,241.32982,0.3998187255859307
210.38,210.77612,0.39612304687500455
277.2,277.5633,0.36329345703126137
256.38,256.73752,0.35751831054687955
310.27,310.62555,0.3555493164062682
226.34,225.99295,0.3470495605468784
248.13,248.47472,0.34471618652344205
217.44,217.09576,0.3442358398437477
275.43,275.75998,0.3299792480468682
255.14,254.83174,0.30825866699217386
263.4,263.0988,0.30121459960935226
275.96,276.2473,0.28731445312502046
228.63,228.91542,0.28542053222656705
235.48,235.19534,0.28465698242186477
239.32,239.5932,0.2732006835937568
232.01,232.28177,0.2717687988281341
229.99,230.26048,0.2704827880859284
257.2,257.47015,0.27015380859376137
219.14,219.40453,0.26452575683595114
222.1,221.83618,0.2638183593749943
249.03,248.7715,0.25850036621093864
255.06,255.29947,0.23946899414062273
248.8,248.56061,0.23939208984376137
220.83,220.59297,0.2370281982422
207.93,208.16599,0.23598510742186818
234.81,234.60019,0.20981079101562727
249.38,249.17679,0.20321166992187045
218.39,218.585,0.19500671386720114
230.02,230.21205,0.19205139160155227
235.13,234.95245,0.17754638671874545
257.35,257.52045,0.17044677734372726
241.35,241.18182,0.16817626953124432
257.24,257.08655,0.1534521484375091
251.8,251.65253,0.14747314453126137
210.22,210.07368,0.14631530761718636
202.42,202.27992,0.140077514648425
231.47,231.59946,0.12945678710937614
284.01,284.1365,0.1265051269531341
231.32,231.19739,0.12261230468749318
244.26,244.37875,0.1187536621093841
217.69,217.59521,0.09478515624999773
230.19,230.09882,0.09118408203124773
243.65,243.56036,0.08963623046875568
253.49,253.40501,0.0849859619140716
232.47,232.3872,0.08279296874999886
229.2,229.12213,0.07786865234373863
248.58,248.65457,0.0745715332031125
282.13,282.05786,0.07213867187499545
232.6,232.53078,0.06922302246093182
227.0,227.06137,0.061370849609375
249.41,249.35219,0.05781188964843409
227.07,227.01222,0.05777770996093068
257.67,257.6251,0.044908447265640916
236.98,237.02255,0.04255249023438523
208.29,208.33061,0.04061218261719546
252.31,252.34955,0.039548339843747726
237.76,237.7242,0.035802612304678405
249.01,249.04036,0.030359497070321595
232.32,232.34834,0.02834289550781932
254.03,254.05672,0.026716918945311363
241.59,241.5818,0.00819763183594091
266.64,266.64392,0.003920898437513642
